{"ax": [-0.16940617855851037, 0.021242174712564177, -0.7605851978594433, -0.1398952531535278, -0.5888100678730823, 0.9592004032368475, 0.30132694958473616, 0.2774281687943627, 0.210807208399846, -0.940476435494402, 0.9462840111622719, 0.15385255047451607, -0.9424227402381498, 0.13004967583957505, -0.818816451339206, -0.9249634299075473, -0.3542359218777422, 0.1050709142338917, 0.7087440626553043, -0.21560365533331494, 0.8771404085129793, -0.2483332701180192, -0.22014587187625012, -0.5043455703319708, 0.8416676543761752, -0.5021643257524799, -0.07183844009614782, -0.6244743621997841, -0.48076990204084047, -0.5837359315641981, -0.23176748762793808, 0.4375088103995026, -0.12002491838331064, -0.567539472031005, 0.8023821313748953, -0.427573596470904, -0.3457192796598101, 0.4881621771851987, 0.3008457955067414, -0.7551574561307346, 0.44139406261567116, 0.6461924716546115, 0.994839825584757, -0.2724615624403639, 0.4809596504142051, 0.006072865323794918, 0.14060293594377637, 0.2261606503062188, -0.9438034395748665, 0.4174134390307218], "ay": [0.40841035367161727, 0.9115411990601112, 0.9215832391461811, 0.06067879295984735, 0.15165672979247646, -0.7283170355899597, -0.8067677421952015, 0.14549854256630268, -0.7657973942959226, -0.11011103904877162, 0.928846234391907, -0.41260761842411964, 0.06111384024134159, 0.15924049917146, -0.50287753345111, 0.7962416484548287, -0.1844034229585012, 0.6767815761511478, 0.030896012232420444, -0.35053913373249856, 0.21099111605417264, -0.5571901888050386, -0.2528349366750575, 0.15748380806957885, -0.9283303936170886, -0.709688736887838, 0.42987543959029795, 0.6539334779701351, -0.1739439491548218, 0.6080321678421943, 0.07472381788175397, -0.9135231063932352, -0.7921119819546432, 0.16152145354675307, -0.8490356746223744, 0.7297153054537155, -0.2424578600005789, 0.24430534913781532, 0.5682378441305933, 0.6559809922111566, 0.021775043226441415, -0.10244610454731418, -0.032819986344581054, 0.25324952073229845, -0.3404490887450893, 0.6483920763040416, -0.3189077913511251, 0.6798162296509938, 0.33897312340049046, -0.7816269264380802], "bx": [0.20919043010071237, -0.352481680478804, -0.5613947008096356, -0.28137067090857615, -0.04964209751820747, 0.9022871697863166, -0.5279029905293664, 0.7767576999638333, -0.18836451951631994, 0.4676374402854431, -0.027478783825924058, -0.8231019826002868, -0.7178656514797763, 0.9618976442298994, -0.10466539420132359, -0.011329332534497638, 0.5336638337919366, -0.8791181246646362, -0.4619665852308652, 0.4096067026528887, 0.8634450142381769, -0.3636096139583396, 0.19452450073842997, -0.5530416408938748, 0.8746636233500336, -0.10559746617980181, 0.22785585939998376, -0.7083312915344746, 0.7295887486204962, 0.02006842336096737, 0.5431669402232826, -0.8296659466497007, 0.6799545221854959, 0.4509349243140648, 0.23448706448524415, -0.2442578746164319, -0.1571012404311325, 0.12789676502529845, -0.03891421141046569, -0.9599723372121509, 0.48608261387487883, 0.3975510229572419, -0.3576349659387539, 0.5480088001434342, -0.8912487785286443, 0.1897607367167755, -0.9155329444218976, -0.4549918260488053, -0.6586340540010014, -0.37254048167908405], "by": [-0.5887348947223816, 0.17368104380169846, 0.20609543416961462, 0.22358404244861418, 0.9981647992284726, 0.7767729987674321, -0.33905361919947796, -0.9706283239357856, -0.3004233052832368, 0.44787825710164175, -0.9473157246903885, -0.2693255904732885, -0.7868044459006134, -0.5378883050178589, 0.37368176297502864, -0.2985893275235356, -0.8323165339915994, -0.988456358243065, 0.4369844342860383, -0.9371503217882304, -0.839979790964287, 0.2957896708922285, 0.42173666630955453, 0.85901478589681, 0.8621898241369361, 0.8613391516568403, 0.2672927957437423, 0.34905883339875476, -0.28561946675826144, -0.12808371759551562, 0.26323312880010086, -0.7015249186262806, 0.2925908742108694, 0.9477240125855555, -0.5161296340521695, -0.05336300830591889, -0.2680486250119476, 0.2316574449139519, -0.4518005238357754, -0.01422820021589799, 0.7827310667336342, 0.5636301891024285, 0.9940665921221974, 0.9427979927527095, 0.5792924200435698, -0.4541164128163291, -0.1746449421802696, 0.42105424101855093, -0.6863786497060487, -0.4489095273038963]}